<metadata xml:lang="en"><Esri><CreaDate>20170427</CreaDate><CreaTime>15095300</CreaTime><ArcGISFormat>1.0</ArcGISFormat><SyncOnce>FALSE</SyncOnce><DataProperties><itemProps><itemName Sync="TRUE">Accidents_Jan16_ALL</itemName><imsContentType Sync="TRUE">002</imsContentType><itemLocation><linkage Sync="TRUE">file://\\FERNANDOPC\Users\Fernando\Desktop\AGILE 2017\Workshop Resources\OpenData4OpenCities\Accidents_Jan16_ALL.shp</linkage><protocol Sync="TRUE">Local Area Network</protocol></itemLocation><itemSize Sync="TRUE">0.000</itemSize></itemProps><coordRef><type Sync="TRUE">Projected</type><geogcsn Sync="TRUE">GCS_MAGNA</geogcsn><csUnits Sync="TRUE">Linear Unit: Meter (1.000000)</csUnits><peXml Sync="TRUE">&lt;ProjectedCoordinateSystem xsi:type='typens:ProjectedCoordinateSystem' xmlns:xsi='http://www.w3.org/2001/XMLSchema-instance' xmlns:xs='http://www.w3.org/2001/XMLSchema' xmlns:typens='http://www.esri.com/schemas/ArcGIS/10.5'&gt;&lt;WKT&gt;PROJCS[&amp;quot;MAGNA_Medellin_Antioquia_2010&amp;quot;,GEOGCS[&amp;quot;GCS_MAGNA&amp;quot;,DATUM[&amp;quot;D_MAGNA&amp;quot;,SPHEROID[&amp;quot;GRS_1980&amp;quot;,6378137.0,298.257222101]],PRIMEM[&amp;quot;Greenwich&amp;quot;,0.0],UNIT[&amp;quot;Degree&amp;quot;,0.0174532925199433]],PROJECTION[&amp;quot;IGAC_Plano_Cartesiano&amp;quot;],PARAMETER[&amp;quot;False_Easting&amp;quot;,835378.647],PARAMETER[&amp;quot;False_Northing&amp;quot;,1180816.875],PARAMETER[&amp;quot;Longitude_Of_Center&amp;quot;,-75.56488694444444],PARAMETER[&amp;quot;Latitude_Of_Center&amp;quot;,6.229208888888889],PARAMETER[&amp;quot;Height&amp;quot;,1510.0],UNIT[&amp;quot;Meter&amp;quot;,1.0],AUTHORITY[&amp;quot;EPSG&amp;quot;,6257]]&lt;/WKT&gt;&lt;XOrigin&gt;278500&lt;/XOrigin&gt;&lt;YOrigin&gt;627600&lt;/YOrigin&gt;&lt;XYScale&gt;8086909009.4639883&lt;/XYScale&gt;&lt;ZOrigin&gt;-100000&lt;/ZOrigin&gt;&lt;ZScale&gt;10000&lt;/ZScale&gt;&lt;MOrigin&gt;-100000&lt;/MOrigin&gt;&lt;MScale&gt;10000&lt;/MScale&gt;&lt;XYTolerance&gt;0.001&lt;/XYTolerance&gt;&lt;ZTolerance&gt;0.001&lt;/ZTolerance&gt;&lt;MTolerance&gt;0.001&lt;/MTolerance&gt;&lt;HighPrecision&gt;true&lt;/HighPrecision&gt;&lt;WKID&gt;102768&lt;/WKID&gt;&lt;LatestWKID&gt;6257&lt;/LatestWKID&gt;&lt;/ProjectedCoordinateSystem&gt;</peXml><projcsn Sync="TRUE">MAGNA_Medellin_Antioquia_2010</projcsn></coordRef><lineage><Process ToolSource="d:\program files (x86)\desktop10.5\ArcToolbox\Toolboxes\Conversion Tools.tbx\FeatureClassToFeatureClass" Date="20170424" Time="114127">FeatureClassToFeatureClass C:\Users\Fernando\Downloads\Accidentalidad_2016\Accidentalidad_2016.shp "C:\Users\Fernando\Desktop\AGILE 2017\Workshop Resources\Medellin.gdb" Accidents2016 # "OBJECTID "OBJECTID" true true false 10 Long 0 10 ,First,#,C:\Users\Fernando\Downloads\Accidentalidad_2016\Accidentalidad_2016.shp,OBJECTID,-1,-1;X "X" true true false 24 Double 15 23 ,First,#,C:\Users\Fernando\Downloads\Accidentalidad_2016\Accidentalidad_2016.shp,X,-1,-1;Y "Y" true true false 24 Double 15 23 ,First,#,C:\Users\Fernando\Downloads\Accidentalidad_2016\Accidentalidad_2016.shp,Y,-1,-1;RADICADO "RADICADO" true true false 80 Text 0 0 ,First,#,C:\Users\Fernando\Downloads\Accidentalidad_2016\Accidentalidad_2016.shp,RADICADO,-1,-1;FECHA "FECHA" true true false 80 Text 0 0 ,First,#,C:\Users\Fernando\Downloads\Accidentalidad_2016\Accidentalidad_2016.shp,FECHA,-1,-1;HORA "HORA" true true false 80 Text 0 0 ,First,#,C:\Users\Fernando\Downloads\Accidentalidad_2016\Accidentalidad_2016.shp,HORA,-1,-1;DIA "DIA" true true false 80 Text 0 0 ,First,#,C:\Users\Fernando\Downloads\Accidentalidad_2016\Accidentalidad_2016.shp,DIA,-1,-1;PERIODO "PERIODO" true true false 80 Text 0 0 ,First,#,C:\Users\Fernando\Downloads\Accidentalidad_2016\Accidentalidad_2016.shp,PERIODO,-1,-1;CLASE "CLASE" true true false 80 Text 0 0 ,First,#,C:\Users\Fernando\Downloads\Accidentalidad_2016\Accidentalidad_2016.shp,CLASE,-1,-1;DIRECCION "DIRECCION" true true false 80 Text 0 0 ,First,#,C:\Users\Fernando\Downloads\Accidentalidad_2016\Accidentalidad_2016.shp,DIRECCION,-1,-1;DIRECCION_ "DIRECCION_" true true false 80 Text 0 0 ,First,#,C:\Users\Fernando\Downloads\Accidentalidad_2016\Accidentalidad_2016.shp,DIRECCION_,-1,-1;CBML "CBML" true true false 80 Text 0 0 ,First,#,C:\Users\Fernando\Downloads\Accidentalidad_2016\Accidentalidad_2016.shp,CBML,-1,-1;TIPO_GEOCO "TIPO_GEOCO" true true false 80 Text 0 0 ,First,#,C:\Users\Fernando\Downloads\Accidentalidad_2016\Accidentalidad_2016.shp,TIPO_GEOCO,-1,-1;GRAVEDAD "GRAVEDAD" true true false 80 Text 0 0 ,First,#,C:\Users\Fernando\Downloads\Accidentalidad_2016\Accidentalidad_2016.shp,GRAVEDAD,-1,-1;BARRIO "BARRIO" true true false 80 Text 0 0 ,First,#,C:\Users\Fernando\Downloads\Accidentalidad_2016\Accidentalidad_2016.shp,BARRIO,-1,-1;COMUNA "COMUNA" true true false 80 Text 0 0 ,First,#,C:\Users\Fernando\Downloads\Accidentalidad_2016\Accidentalidad_2016.shp,COMUNA,-1,-1;DISENO "DISENO" true true false 80 Text 0 0 ,First,#,C:\Users\Fernando\Downloads\Accidentalidad_2016\Accidentalidad_2016.shp,DISENO,-1,-1" #</Process><Process ToolSource="d:\program files (x86)\desktop10.5\ArcToolbox\Toolboxes\Data Management Tools.tbx\Project" Date="20170424" Time="121009">Project "C:\Users\Fernando\Desktop\AGILE 2017\Workshop Resources\Medellin.gdb\Accidents2016" C:\Users\Fernando\Documents\ArcGIS\Default.gdb\Accidents2016_Project1 PROJCS['MAGNA_Medellin_Antioquia_2010',GEOGCS['GCS_MAGNA',DATUM['D_MAGNA',SPHEROID['GRS_1980',6378137.0,298.257222101]],PRIMEM['Greenwich',0.0],UNIT['Degree',0.0174532925199433]],PROJECTION['IGAC_Plano_Cartesiano'],PARAMETER['False_Easting',835378.647],PARAMETER['False_Northing',1180816.875],PARAMETER['Longitude_Of_Center',-75.56488694444444],PARAMETER['Latitude_Of_Center',6.229208888888889],PARAMETER['Height',1510.0],UNIT['Meter',1.0]] MAGNA_To_WGS_1984_1 GEOGCS['GCS_WGS_1984',DATUM['D_WGS_1984',SPHEROID['WGS_1984',6378137.0,298.257223563]],PRIMEM['Greenwich',0.0],UNIT['Degree',0.0174532925199433]] NO_PRESERVE_SHAPE # NO_VERTICAL</Process><Process ToolSource="d:\program files (x86)\desktop10.5\ArcToolbox\Toolboxes\Analysis Tools.tbx\Clip" Date="20170427" Time="140445">Clip Accidents2016_Project1 SmallArea "C:\Users\Fernando\Desktop\AGILE 2017\Workshop Resources\Medellin.gdb\SmallArea_Accidents" #</Process><Process ToolSource="d:\program files (x86)\desktop10.5\ArcToolbox\Toolboxes\Conversion Tools.tbx\FeatureClassToFeatureClass" Date="20170427" Time="154416">FeatureClassToFeatureClass "C:\Users\Fernando\Desktop\AGILE 2017\Workshop Resources\Medellin.gdb\Accidents_Jan16" "C:\Users\Fernando\Desktop\AGILE 2017\Workshop Resources\OpenData4OpenCities" Accidents_Jan16_ALL.shp # "OBJECTID "OBJECTID" true true false 4 Long 0 0 ,First,#,C:\Users\Fernando\Desktop\AGILE 2017\Workshop Resources\Medellin.gdb\Accidents_Jan16,OBJECTID,-1,-1;X "X" true true false 8 Double 0 0 ,First,#,C:\Users\Fernando\Desktop\AGILE 2017\Workshop Resources\Medellin.gdb\Accidents_Jan16,X,-1,-1;Y "Y" true true false 8 Double 0 0 ,First,#,C:\Users\Fernando\Desktop\AGILE 2017\Workshop Resources\Medellin.gdb\Accidents_Jan16,Y,-1,-1;RADICADO "RADICADO" true true false 80 Text 0 0 ,First,#,C:\Users\Fernando\Desktop\AGILE 2017\Workshop Resources\Medellin.gdb\Accidents_Jan16,RADICADO,-1,-1;FECHA "FECHA" true true false 80 Text 0 0 ,First,#,C:\Users\Fernando\Desktop\AGILE 2017\Workshop Resources\Medellin.gdb\Accidents_Jan16,FECHA,-1,-1;HORA "HORA" true true false 80 Text 0 0 ,First,#,C:\Users\Fernando\Desktop\AGILE 2017\Workshop Resources\Medellin.gdb\Accidents_Jan16,HORA,-1,-1;DIA "DIA" true true false 80 Text 0 0 ,First,#,C:\Users\Fernando\Desktop\AGILE 2017\Workshop Resources\Medellin.gdb\Accidents_Jan16,DIA,-1,-1;PERIODO "PERIODO" true true false 80 Text 0 0 ,First,#,C:\Users\Fernando\Desktop\AGILE 2017\Workshop Resources\Medellin.gdb\Accidents_Jan16,PERIODO,-1,-1;CLASE "CLASE" true true false 80 Text 0 0 ,First,#,C:\Users\Fernando\Desktop\AGILE 2017\Workshop Resources\Medellin.gdb\Accidents_Jan16,CLASE,-1,-1;DIRECCION "DIRECCION" true true false 80 Text 0 0 ,First,#,C:\Users\Fernando\Desktop\AGILE 2017\Workshop Resources\Medellin.gdb\Accidents_Jan16,DIRECCION,-1,-1;DIRECCION_ "DIRECCION_" true true false 80 Text 0 0 ,First,#,C:\Users\Fernando\Desktop\AGILE 2017\Workshop Resources\Medellin.gdb\Accidents_Jan16,DIRECCION_,-1,-1;CBML "CBML" true true false 80 Text 0 0 ,First,#,C:\Users\Fernando\Desktop\AGILE 2017\Workshop Resources\Medellin.gdb\Accidents_Jan16,CBML,-1,-1;TIPO_GEOCO "TIPO_GEOCO" true true false 80 Text 0 0 ,First,#,C:\Users\Fernando\Desktop\AGILE 2017\Workshop Resources\Medellin.gdb\Accidents_Jan16,TIPO_GEOCO,-1,-1;GRAVEDAD "GRAVEDAD" true true false 80 Text 0 0 ,First,#,C:\Users\Fernando\Desktop\AGILE 2017\Workshop Resources\Medellin.gdb\Accidents_Jan16,GRAVEDAD,-1,-1;BARRIO "BARRIO" true true false 80 Text 0 0 ,First,#,C:\Users\Fernando\Desktop\AGILE 2017\Workshop Resources\Medellin.gdb\Accidents_Jan16,BARRIO,-1,-1;COMUNA "COMUNA" true true false 80 Text 0 0 ,First,#,C:\Users\Fernando\Desktop\AGILE 2017\Workshop Resources\Medellin.gdb\Accidents_Jan16,COMUNA,-1,-1;DISENO "DISENO" true true false 80 Text 0 0 ,First,#,C:\Users\Fernando\Desktop\AGILE 2017\Workshop Resources\Medellin.gdb\Accidents_Jan16,DISENO,-1,-1" #</Process><Process ToolSource="d:\program files (x86)\desktop10.5\ArcToolbox\Toolboxes\Data Management Tools.tbx\DefineProjection" Date="20170427" Time="155956">DefineProjection "C:\Users\Fernando\Desktop\AGILE 2017\Workshop Resources\OpenData4OpenCities\Accidents_Jan16_ALL.shp" PROJCS['PCS_MAG_Ant_Medellin',GEOGCS['GCS_MAG_Ant_Medellin',DATUM['D_DAT_MAG_Ant_Medellin',SPHEROID['GRS1980_MAG_Ant_Medellin',6379647.0,298.257222101]],PRIMEM['Greenwich',0.0],UNIT['Degree',0.0174532925199433]],PROJECTION['Transverse_Mercator'],PARAMETER['False_Easting',835378.647],PARAMETER['False_Northing',1180816.875],PARAMETER['Central_Meridian',-75.56488694],PARAMETER['Scale_Factor',1.0],PARAMETER['Latitude_Of_Origin',6.229208889],UNIT['Meter',1.0]]</Process></lineage></DataProperties><SyncDate>20170427</SyncDate><SyncTime>15441500</SyncTime><ModDate>20170427</ModDate><ModTime>15441500</ModTime></Esri><dataIdInfo><envirDesc Sync="TRUE"> Version 6.2 (Build 9200) ; Esri ArcGIS 10.5.0.6491</envirDesc><dataLang><languageCode value="eng" Sync="TRUE"></languageCode><countryCode value="USA" Sync="TRUE"></countryCode></dataLang><idCitation><resTitle Sync="TRUE">Accidents_Jan16_ALL</resTitle><presForm><PresFormCd value="005" Sync="TRUE"></PresFormCd></presForm></idCitation><spatRpType><SpatRepTypCd value="001" Sync="TRUE"></SpatRepTypCd></spatRpType></dataIdInfo><mdLang><languageCode value="eng" Sync="TRUE"></languageCode><countryCode value="USA" Sync="TRUE"></countryCode></mdLang><distInfo><distFormat><formatName Sync="TRUE">Shapefile</formatName></distFormat><distTranOps><transSize Sync="TRUE">0.000</transSize></distTranOps></distInfo><mdHrLv><ScopeCd value="005" Sync="TRUE"></ScopeCd></mdHrLv><mdHrLvName Sync="TRUE">dataset</mdHrLvName><refSysInfo><RefSystem><refSysID><identCode code="6257" Sync="TRUE"></identCode><idCodeSpace Sync="TRUE">EPSG</idCodeSpace><idVersion Sync="TRUE">8.2.1(10.2.1)</idVersion></refSysID></RefSystem></refSysInfo><spatRepInfo><VectSpatRep><geometObjs Name="Accidents_Jan16_ALL"><geoObjTyp><GeoObjTypCd value="004" Sync="TRUE"></GeoObjTypCd></geoObjTyp><geoObjCnt Sync="TRUE">0</geoObjCnt></geometObjs><topLvl><TopoLevCd value="001" Sync="TRUE"></TopoLevCd></topLvl></VectSpatRep></spatRepInfo><spdoinfo><ptvctinf><esriterm Name="Accidents_Jan16_ALL"><efeatyp Sync="TRUE">Simple</efeatyp><efeageom code="1" Sync="TRUE"></efeageom><esritopo Sync="TRUE">FALSE</esritopo><efeacnt Sync="TRUE">0</efeacnt><spindex Sync="TRUE">FALSE</spindex><linrefer Sync="TRUE">FALSE</linrefer></esriterm></ptvctinf></spdoinfo><eainfo><detailed Name="Accidents_Jan16_ALL"><enttyp><enttypl Sync="TRUE">Accidents_Jan16_ALL</enttypl><enttypt Sync="TRUE">Feature Class</enttypt><enttypc Sync="TRUE">0</enttypc></enttyp><attr><attrlabl Sync="TRUE">FID</attrlabl><attalias Sync="TRUE">FID</attalias><attrtype Sync="TRUE">OID</attrtype><attwidth Sync="TRUE">4</attwidth><atprecis Sync="TRUE">0</atprecis><attscale Sync="TRUE">0</attscale><attrdef Sync="TRUE">Internal feature number.</attrdef><attrdefs Sync="TRUE">Esri</attrdefs><attrdomv><udom Sync="TRUE">Sequential unique whole numbers that are automatically generated.</udom></attrdomv></attr><attr><attrlabl Sync="TRUE">Shape</attrlabl><attalias Sync="TRUE">Shape</attalias><attrtype Sync="TRUE">Geometry</attrtype><attwidth Sync="TRUE">0</attwidth><atprecis Sync="TRUE">0</atprecis><attscale Sync="TRUE">0</attscale><attrdef Sync="TRUE">Feature geometry.</attrdef><attrdefs Sync="TRUE">Esri</attrdefs><attrdomv><udom Sync="TRUE">Coordinates defining the features.</udom></attrdomv></attr><attr><attrlabl Sync="TRUE">OBJECTID</attrlabl><attalias Sync="TRUE">OBJECTID</attalias><attrtype Sync="TRUE">Integer</attrtype><attwidth Sync="TRUE">10</attwidth><atprecis Sync="TRUE">10</atprecis><attscale Sync="TRUE">0</attscale></attr><attr><attrlabl Sync="TRUE">X</attrlabl><attalias Sync="TRUE">X</attalias><attrtype Sync="TRUE">Double</attrtype><attwidth Sync="TRUE">19</attwidth><atprecis Sync="TRUE">0</atprecis><attscale Sync="TRUE">0</attscale></attr><attr><attrlabl Sync="TRUE">Y</attrlabl><attalias Sync="TRUE">Y</attalias><attrtype Sync="TRUE">Double</attrtype><attwidth Sync="TRUE">19</attwidth><atprecis Sync="TRUE">0</atprecis><attscale Sync="TRUE">0</attscale></attr><attr><attrlabl Sync="TRUE">RADICADO</attrlabl><attalias Sync="TRUE">RADICADO</attalias><attrtype Sync="TRUE">String</attrtype><attwidth Sync="TRUE">80</attwidth><atprecis Sync="TRUE">0</atprecis><attscale Sync="TRUE">0</attscale></attr><attr><attrlabl Sync="TRUE">FECHA</attrlabl><attalias Sync="TRUE">FECHA</attalias><attrtype Sync="TRUE">String</attrtype><attwidth Sync="TRUE">80</attwidth><atprecis Sync="TRUE">0</atprecis><attscale Sync="TRUE">0</attscale></attr><attr><attrlabl Sync="TRUE">HORA</attrlabl><attalias Sync="TRUE">HORA</attalias><attrtype Sync="TRUE">String</attrtype><attwidth Sync="TRUE">80</attwidth><atprecis Sync="TRUE">0</atprecis><attscale Sync="TRUE">0</attscale></attr><attr><attrlabl Sync="TRUE">DIA</attrlabl><attalias Sync="TRUE">DIA</attalias><attrtype Sync="TRUE">String</attrtype><attwidth Sync="TRUE">80</attwidth><atprecis Sync="TRUE">0</atprecis><attscale Sync="TRUE">0</attscale></attr><attr><attrlabl Sync="TRUE">PERIODO</attrlabl><attalias Sync="TRUE">PERIODO</attalias><attrtype Sync="TRUE">String</attrtype><attwidth Sync="TRUE">80</attwidth><atprecis Sync="TRUE">0</atprecis><attscale Sync="TRUE">0</attscale></attr><attr><attrlabl Sync="TRUE">CLASE</attrlabl><attalias Sync="TRUE">CLASE</attalias><attrtype Sync="TRUE">String</attrtype><attwidth Sync="TRUE">80</attwidth><atprecis Sync="TRUE">0</atprecis><attscale Sync="TRUE">0</attscale></attr><attr><attrlabl Sync="TRUE">DIRECCION</attrlabl><attalias Sync="TRUE">DIRECCION</attalias><attrtype Sync="TRUE">String</attrtype><attwidth Sync="TRUE">80</attwidth><atprecis Sync="TRUE">0</atprecis><attscale Sync="TRUE">0</attscale></attr><attr><attrlabl Sync="TRUE">DIRECCION_</attrlabl><attalias Sync="TRUE">DIRECCION_</attalias><attrtype Sync="TRUE">String</attrtype><attwidth Sync="TRUE">80</attwidth><atprecis Sync="TRUE">0</atprecis><attscale Sync="TRUE">0</attscale></attr><attr><attrlabl Sync="TRUE">CBML</attrlabl><attalias Sync="TRUE">CBML</attalias><attrtype Sync="TRUE">String</attrtype><attwidth Sync="TRUE">80</attwidth><atprecis Sync="TRUE">0</atprecis><attscale Sync="TRUE">0</attscale></attr><attr><attrlabl Sync="TRUE">TIPO_GEOCO</attrlabl><attalias Sync="TRUE">TIPO_GEOCO</attalias><attrtype Sync="TRUE">String</attrtype><attwidth Sync="TRUE">80</attwidth><atprecis Sync="TRUE">0</atprecis><attscale Sync="TRUE">0</attscale></attr><attr><attrlabl Sync="TRUE">GRAVEDAD</attrlabl><attalias Sync="TRUE">GRAVEDAD</attalias><attrtype Sync="TRUE">String</attrtype><attwidth Sync="TRUE">80</attwidth><atprecis Sync="TRUE">0</atprecis><attscale Sync="TRUE">0</attscale></attr><attr><attrlabl Sync="TRUE">BARRIO</attrlabl><attalias Sync="TRUE">BARRIO</attalias><attrtype Sync="TRUE">String</attrtype><attwidth Sync="TRUE">80</attwidth><atprecis Sync="TRUE">0</atprecis><attscale Sync="TRUE">0</attscale></attr><attr><attrlabl Sync="TRUE">COMUNA</attrlabl><attalias Sync="TRUE">COMUNA</attalias><attrtype Sync="TRUE">String</attrtype><attwidth Sync="TRUE">80</attwidth><atprecis Sync="TRUE">0</atprecis><attscale Sync="TRUE">0</attscale></attr><attr><attrlabl Sync="TRUE">DISENO</attrlabl><attalias Sync="TRUE">DISENO</attalias><attrtype Sync="TRUE">String</attrtype><attwidth Sync="TRUE">80</attwidth><atprecis Sync="TRUE">0</atprecis><attscale Sync="TRUE">0</attscale></attr></detailed></eainfo><mdDateSt Sync="TRUE">20170427</mdDateSt></metadata>
