<?xml version="1.0" encoding="UTF-8"?>
<metadata xml:lang="en"><Esri><CreaDate>20170427</CreaDate><CreaTime>17172800</CreaTime><ArcGISFormat>1.0</ArcGISFormat><SyncOnce>TRUE</SyncOnce><DataProperties><lineage><Process ToolSource="d:\program files (x86)\desktop10.5\ArcToolbox\Toolboxes\Data Management Tools.tbx\CreateFeatureclass" Date="20170427" Time="171135">CreateFeatureclass C:\Users\Fernando\Documents\ArcGIS\Default.gdb Accidents_Jan16_ALL_Coll POINT # DISABLED DISABLED "PROJCS['MAGNA_Medellin_Antioquia_2010',GEOGCS['GCS_MAGNA',DATUM['D_MAGNA',SPHEROID['GRS_1980',6378137.0,298.257222101]],PRIMEM['Greenwich',0.0],UNIT['Degree',0.0174532925199433]],PROJECTION['IGAC_Plano_Cartesiano'],PARAMETER['False_Easting',835378.647],PARAMETER['False_Northing',1180816.875],PARAMETER['Longitude_Of_Center',-75.56488694444444],PARAMETER['Latitude_Of_Center',6.229208888888889],PARAMETER['Height',1510.0],UNIT['Meter',1.0]];278500 627600 10000;-100000 10000;-100000 10000;0.001;0.001;0.001;IsHighPrecision" # 0 0 0</Process><Process ToolSource="d:\program files (x86)\desktop10.5\ArcToolbox\Toolboxes\Data Management Tools.tbx\AddField" Date="20170427" Time="171135">AddField C:\Users\Fernando\Documents\ArcGIS\Default.gdb\Accidents_Jan16_ALL_Coll ICOUNT LONG # # # # NULLABLE NON_REQUIRED #</Process><Process ToolSource="d:\program files (x86)\desktop10.5\ArcToolbox\Toolboxes\Spatial Statistics Tools.tbx\CollectEvents" Date="20170427" Time="171146">CollectEvents Accidents2016_Project1 C:\Users\Fernando\Documents\ArcGIS\Default.gdb\Accidents_Jan16_ALL_Coll</Process></lineage></DataProperties></Esri></metadata>
